{
    "lamp" :{
        "Transform" : {
            "translation" : [5,10,0],
            "scale" : [0.6,0.6,0.6],
            "rotation" : [0,45,0]
        },

        "Mesh" : {
            "path" : "./model/lamp.obj"
        },

        "MeshRenderer" : {
            "shader" : "program1"
        },

        "Material" : {
            "type" : "Opaque",
            "albedo" : {
                "usetexture" : true,
                "value" : [1.0,0.0,0.0],
                "texturepath" : "./texture/lamp.png"
            },
            "metalness" : {
                "usetexture" : true,
                "value" : 0.2,
                "texturepath" : "./texture/image.png"
            },
            "roughness" : {
                "usetexture" : true,
                "value" : 1.0,
                "texturepath" : "./texture/image.png"
            }
        }
    },

    "lamp2" :{
        "Transform" : {
            "translation" : [5,0,-5],
            "scale" : [0.6,0.6,0.6],
            "rotation" : [0,45,0]
        },

        "Mesh" : {
            "path" : "./model/lamp.obj"
        },

        "MeshRenderer" : {
            "shader" : "program1"
        },

        "Material" : {
            "type" : "Opaque",
            "albedo" : {
                "usetexture" : true,
                "value" : [1.0,0.0,0.0],
                "texturepath" : "./texture/lamp.png"
            },
            "metalness" : {
                "usetexture" : true,
                "value" : 0.2,
                "texturepath" : "./texture/image.png"
            },
            "roughness" : {
                "usetexture" : true,
                "value" : 1.0,
                "texturepath" : "./texture/image.png"
            }
        }
    },

    "lamp3" :{
        "Transform" : {
            "translation" : [5,0,5],
            "scale" : [0.6,0.6,0.6],
            "rotation" : [0,45,0]
        },

        "Mesh" : {
            "path" : "./model/lamp.obj"
        },

        "MeshRenderer" : {
            "shader" : "program1"
        },

        "Material" : {
            "type" : "Opaque",
            "albedo" : {
                "usetexture" : true,
                "value" : [1.0,0.0,0.0],
                "texturepath" : "./texture/lamp.png"
            },
            "metalness" : {
                "usetexture" : true,
                "value" : 0.2,
                "texturepath" : "./texture/image.png"
            },
            "roughness" : {
                "usetexture" : true,
                "value" : 1.0,
                "texturepath" : "./texture/image.png"
            }
        }
    },

    "sphere" :{
        "Transform" : {
            "translation" : [0,0,0],
            "scale" : [1,1,1],
            "rotation" : [0,0,0]
        },

        "Mesh" : {
            "path" : "./model/testsphere2.obj"
        },

        "MeshRenderer" : {
        },

        "Material" : {
            "type" : "Opaque",
            "albedo" : {
                "usetexture" : false,
                "value" : [1.0,0.0,0.0],
                "texturepath" : "./texture/image.png"
            },
            "metalness" : {
                "usetexture" : false,
                "value" : 0.2,
                "texturepath" : "./texture/image.png"
            },
            "roughness" : {
                "usetexture" : false,
                "value" : 0.2,
                "texturepath" : "./texture/image.png"
            }
        },

        "ObjectMove" : {
            "radius" : 4.0,
            "speed" : 0.06
        }
    },

    "test" :{
        "Transform" : {
            "translation" : [0,5,0],
            "scale" : [1,1,1],
            "rotation" : [-90,-45,0]
        },

        "Mesh" : {
            "path" : "./model/arrow.obj"
        },

        "MeshRenderer" : {
        },

        "Material" : {
            "type" : "Opaque",
            "albedo" : {
                "usetexture" : false,
                "value" : [1.0,1.0,0.0],
                "texturepath" : "./texture/image.png"
            },
            "metalness" : {
                "usetexture" : false,
                "value" : 0.2,
                "texturepath" : "./texture/image.png"
            },
            "roughness" : {
                "usetexture" : false,
                "value" : 0.2,
                "texturepath" : "./texture/image.png"
            }
        }
    },

    "plane" :{
        "Transform" : {
            "translation" : [0,-1,0],
            "scale" : [10,1,10],
            "rotation" : [0,0,0]
        },

        "Mesh" : {
            "path" : "./model/plane.obj"
        },

        "MeshRenderer" : {
        },

        "Material" : {
            "type" : "Opaque",
            "albedo" : {
                "usetexture" : false,
                "value" : [0.9,0.9,0.9],
                "texturepath" : "./texture/image.png"
            },
            "metalness" : {
                "usetexture" : false,
                "value" : 0.5,
                "texturepath" : "./texture/image.png"
            },
            "roughness" : {
                "usetexture" : false,
                "value" : 0.7,
                "texturepath" : "./texture/image.png"
            }
        }
    },

    "light1" :{
        "Transform" : {
            "translation" : [-7,7,0],
            "scale" : [0.5,0.5,0.5],
            "rotation" : [45,90,0]
        },

        "Light" : {
            "type" : "directional",
            "color" : [1,1,1],
            "intensity" : 1
        }
    },

    "light2" :{
        "Transform" : {
            "translation" : [-5,2,0],
            "scale" : [0.5,0.5,0.5],
            "rotation" : [0,0,0]
        },

        "Light" : {
            "type" : "point",
            "color" : [1,1,1],
            "intensity" : 1
        }
    },

    "light3" :{
        "Transform" : {
            "translation" : [5,2,-3],
            "scale" : [0.5,0.5,0.5],
            "rotation" : [0,0,0]
        },

        "Light" : {
            "type" : "point",
            "color" : [1,1,1],
            "intensity" : 1
        }
    },

    "light4" :{
        "Transform" : {
            "translation" : [5,2,3],
            "scale" : [0.5,0.5,0.5],
            "rotation" : [0,0,0]
        },

        "Light" : {
            "type" : "point",
            "color" : [1,1,1],
            "intensity" : 1
        }
    },

    "skybox" : {
        "SkyBoxRender" : {
            "path" : "./skybox/ice"
        }
    },

    "camera" : {
        "Transform" : {
            "translation" : [1,1,0],
            "scale" : [1,1,1],
            "rotation" : [0,0,0]
        },

        "CameraMove" : {
            "sensitivity" : 0.2
        },

        "Camera" : {
            "type" : 1
        }
    }
}